horizon,model,origins,mae,rmse,mae_vs_rw,rmse_vs_rw,direction_hit_rate,always_up_hit_rate,dm_abs_stat,dm_abs_p,dm_sq_stat,dm_sq_p
1,Drift (252d mean),2706,0.012538,0.018211,1.000578,1.001019,0.514043,0.536216,0.302582,0.762232,0.689328,0.490676
1,Gradient boosting (features),2706,0.012692,0.018348,1.012844,1.008549,0.522173,0.536216,2.603029,0.009291,1.472338,0.141046
1,Moving-average level,2706,0.019391,0.026069,1.547496,1.432961,0.500370,0.536216,23.792359,0.000000,13.908602,0.000000
1,Random walk,2706,0.012531,0.018193,1.000000,1.000000,,0.536216,,,,
1,Ridge (features),2706,0.012501,0.018179,0.997660,0.999235,0.533259,0.536216,-1.720882,0.085387,-0.750568,0.452978
1,SES level,2706,0.012535,0.018172,1.000335,0.998890,0.499630,0.536216,0.242944,0.808067,-0.653106,0.513744
5,Drift (252d mean),2702,0.029197,0.039106,0.992159,1.004311,0.549223,0.584752,-1.156625,0.247528,0.692938,0.488408
5,Gradient boosting (features),2702,0.030365,0.040151,1.031846,1.031151,0.512213,0.584752,3.235379,0.001229,3.223907,0.001280
5,Moving-average level,2702,0.033460,0.043000,1.137001,1.104308,0.482235,0.584752,8.882063,0.000000,7.089310,0.000000
5,Random walk,2702,0.029428,0.038938,1.000000,1.000000,,0.584752,,,,
5,Ridge (features),2702,0.029216,0.038946,0.992786,1.000202,0.567728,0.584752,-1.256596,0.209008,0.038713,0.969122
5,SES level,2702,0.029459,0.038925,1.001070,0.999654,0.471132,0.584752,1.816632,0.069384,-0.646136,0.518246
21,Drift (252d mean),2686,0.066309,0.083143,0.999239,1.016861,0.562174,0.644080,-0.030965,0.975300,0.666526,0.505132
21,Gradient boosting (features),2686,0.068886,0.086853,1.038062,1.062226,0.540581,0.644080,1.371436,0.170354,2.279079,0.022741
21,Moving-average level,2686,0.069014,0.084528,1.039995,1.033797,0.463515,0.644080,5.140730,0.000000,4.353496,0.000014
21,Random walk,2686,0.066360,0.081765,1.000000,1.000000,,0.644080,,,,
21,Ridge (features),2686,0.064003,0.081666,0.964489,0.998794,0.612807,0.644080,-1.603729,0.108892,-0.051378,0.959028
21,SES level,2686,0.066402,0.081784,1.000637,1.000231,0.468727,0.644080,2.579838,0.009937,1.011439,0.311898
