horizon,level,method,origins,coverage,coverage_high_vol,coverage_low_vol,mean_width,interval_score,kupiec_p
1,0.800000,static,2705,0.837338,0.775034,0.910184,0.044107,0.065908,0.000001
1,0.800000,ewma,2705,0.828096,0.838820,0.815557,0.043119,0.062851,0.000198
1,0.800000,conformal,2705,0.802588,0.813443,0.789896,0.039736,0.062468,0.736099
1,0.800000,garch,2705,0.836599,0.825103,0.850040,0.043834,0.062432,0.000001
1,0.800000,garch_conformal,2705,0.802588,0.780521,0.828388,0.039144,0.062185,0.736099
1,0.950000,static,2705,0.936414,0.907407,0.970329,0.067456,0.106283,0.001827
1,0.950000,ewma,2705,0.935675,0.945130,0.924619,0.065945,0.097881,0.001038
1,0.950000,conformal,2705,0.947135,0.961591,0.930233,0.070699,0.097912,0.497982
1,0.950000,garch,2705,0.946026,0.945130,0.947073,0.067038,0.095302,0.348835
1,0.950000,garch_conformal,2705,0.946026,0.946502,0.945469,0.067098,0.095940,0.348835
5,0.800000,static,2701,0.820807,0.770919,0.879324,0.096302,0.139226,
5,0.800000,ewma,2701,0.811551,0.852538,0.763475,0.096440,0.137746,
5,0.800000,conformal,2701,0.797853,0.834019,0.755430,0.092526,0.137633,
5,0.800000,garch,2701,0.825250,0.823731,0.827031,0.098678,0.135371,
5,0.800000,garch_conformal,2701,0.795261,0.784636,0.807723,0.090588,0.134875,
5,0.950000,static,2701,0.940763,0.916324,0.969429,0.147282,0.208324,
5,0.950000,ewma,2701,0.932618,0.959534,0.901046,0.147492,0.211485,
5,0.950000,conformal,2701,0.943725,0.969136,0.913918,0.165404,0.216944,
5,0.950000,garch,2701,0.948167,0.951989,0.943685,0.150915,0.198633,
5,0.950000,garch_conformal,2701,0.946686,0.950617,0.942076,0.154011,0.202351,
21,0.800000,static,2685,0.764618,0.720497,0.816343,0.196057,0.281118,
21,0.800000,ewma,2685,0.740782,0.830228,0.635922,0.197713,0.293532,
21,0.800000,conformal,2685,0.791434,0.874396,0.694175,0.222904,0.297158,
21,0.800000,garch,2685,0.779143,0.779848,0.778317,0.204977,0.278845,
21,0.800000,garch_conformal,2685,0.788827,0.795031,0.781553,0.205256,0.277691,
21,0.950000,static,2685,0.947114,0.919945,0.978964,0.299843,0.379801,
21,0.950000,ewma,2685,0.908007,0.964113,0.842233,0.302376,0.418597,
21,0.950000,conformal,2685,0.951210,0.979986,0.917476,0.359243,0.423514,
21,0.950000,garch,2685,0.957542,0.955141,0.960356,0.313486,0.371465,
21,0.950000,garch_conformal,2685,0.946741,0.945480,0.948220,0.304739,0.374778,
